State FIPS code,State,Year,Number of returns,Number of single returns,Number of joint returns,Number of head of household returns,Number with paid preparer signature,Number of exemptions,Number of dependents,"Number of 
farm returns",Self-employment retirement plansNumber of returns,Self-employment retirement plans Amount,State and local income taxes Number of returns,State and local income taxes Amount,Real estate taxes Number of returns,Real estate taxes Amount,Taxes paid Number of returns,Taxes paid Amount,Mortgage interest paid Number of returns,Mortgage interest paid Amount,Taxable income Number of returns,Taxable income Amount,Child tax credit Number of returns,Child tax credit Amount,Residential energy credit Number of returns,Residential energy credit Amount,Tax due at time of filing Number of returns,Tax due at time of filing Amount,Overpayments refunded Number of returns,Overpayments refunded Amount
0,US,2012,144276120,66465530,53409400,21672710,80656550,286183920,97473010,1893240,923690,20626591,33026770,279705244,39120210,172104898,45353140,482980004,34360070,326242965,108422160,6327009585,22740900,27477923,2310150,1234003.932,24855630,125000026,111349560,313898673
1,AL,2012,2050090,810190,774210,427560,1238940,4241420,1535340,46930,6860,134950,460600,2124557,473110,614945,574510,3056384,436640,3471625,1469630,68597241,346650,400518,34150,13001,310220,1418852,1651260,4838708
2,AK,2012,362990,185450,131350,37280,156260,675060,211280,1380,2520,52504,21070,22632,79220,318983,84750,385509,74180,757815,299730,16869229,60850,81354,6460,2543,69360,323594,271340,782072
4,AZ,2012,2759600,1205670,1046120,474860,1444290,5816050,2128740,8210,12000,257621,597450,3031725,752100,1825958,848130,5617893,676730,6748151,2040500,103679133,476940,573002,39720,34007,537110,2263902,2059680,5643667
5,AR,2012,1218890,486340,497820,212100,749290,2532560,879930,42250,2670,52184,244110,1751691,245120,420405,293590,2354489,217010,1541626,875610,41562069,214870,250594,14080,5390,198320,877817,964010,2665714
6,CA,2012,16906030,7950890,6135230,2592040,10810550,35624060,13366390,63090,154240,3752619,4669420,57920689,4782200,23748023,5905960,86109509,4328510,59580418,12577200,820569449,2735070,3140046,153480,171035.932,3502340,18045663,12331900,35762706
8,CO,2012,2449110,1159140,968340,278790,1206000,4843830,1572670,29680,17850,343530,743120,4357534,781830,1923511,864400,6736363,722450,7546691,1925010,119345585,397600,502652,40900,18504,500290,2539829,1808290,4711588
9,CT,2012,1741250,852070,633510,221840,959370,3241730,1005480,3230,24520,583399,660100,7824050,678270,4771070,742330,13106271,565500,5491912,1390960,118749214,242360,291316,39610,20149,312810,1881677,1316370,4086882
10,DE,2012,433900,202610,155480,66070,205940,833800,271570,2110,2220,48952,137630,850743,132710,319825,146530,1193256,123510,1207217,341310,17943383,68330,80504,9020,5675,74330,301456,340720,906908
11,DC,2012,327680,211170,52050,56320,153560,518630,147810,180,5580,187402,122490,1499068,85460,346362,130660,1881504,79230,1051547,267160,21290489,28520,27385,3770,2944,65020,342693,246210,759321
12,FL,2012,9223410,4347740,3096120,1578210,5001650,17263060,5434950,36550,32020,640126,161590,2714533,1875050,8120191,2211830,13919701,1625410,16312839,6619080,386898461,1205380,1326665,119600,57765,1494140,8284655,7139340,21302772
13,GA,2012,4332790,1819950,1511430,907290,2383490,9061640,3458810,47650,18750,425359,1292110,7558945,1252560,3333029,1481240,11665283,1149780,9897869,3076490,156053688,704880,792424,64910,22936,730370,3235976,3420590,10150052
15,HI,2012,665150,328590,248160,73580,353040,1272060,391460,5570,4920,100161,170070,1284059,156350,299625,202420,1663481,146570,2015123,517370,24812920,103730,128940,20680,115654,117840,443661,500240,1326209
16,ID,2012,678800,277800,319100,76010,358490,1472430,513020,20260,2740,53910,164280,1057533,186080,396705,205820,1522939,165700,1403981,499200,22391405,127360,172449,10540,3356,126880,613832,510110,1259335
17,IL,2012,6075020,2834000,2196290,951600,3483910,12117710,4291290,67870,40990,980617,1755790,12456507,1873820,11515747,2075120,24898563,1594540,13605349,4588240,287028183,939920,1148411,114170,40564,939970,5241957,4801420,14116768
18,IN,2012,3028360,1368730,1196670,413170,1609800,6070400,2067480,52830,12200,251831,717130,4009809,696500,1446310,766740,5765873,619860,4341895,2232920,106412639,521300,669487,63500,25185,414890,2051649,2449340,6447584
19,IA,2012,1425750,651730,610180,146820,924250,2799120,870500,81030,10710,202507,382520,2461867,399220,1257385,440710,3944736,323680,2072035,1134560,57225296,249860,341881,31450,19783,271320,1456542,1080320,2688104
20,KS,2012,1323200,589800,557000,155830,747450,2670620,885130,57190,8110,155163,315020,2402735,356090,1128859,393520,3845471,293730,2063953,1008640,54200548,235200,309484,21790,8107,238810,1303113,995160,2577393
21,KY,2012,1875530,804650,770280,266710,1128850,3785040,1256870,78830,6770,136731,457930,3221819,469840,1000142,525080,4484763,416340,2839671,1379340,60955715,324120,396570,31470,12797,264600,1115009,1528220,4066599
22,LA,2012,2011170,858300,671290,455060,1143490,4061960,1491430,29870,10670,260673,387500,2044437,352560,723192,479140,3042180,347250,2833768,1459640,77487856,344820,400724,24380,21718,317110,1708975,1602930,4917461
23,ME,2012,631290,306000,254320,60900,304750,1152380,309970,4700,4080,67296,170150,1137027,175810,674361,188020,1903883,149910,1135484,489030,21570577,89970,111292,15210,5895,105690,415696,491410,1137690
24,MD,2012,2859990,1360250,967790,452100,1477200,5498060,1841910,11700,26190,629450,1236380,10830775,1090900,4525026,1332790,15670241,982680,10850923,2283110,140685232,432020,507071,57310,33697,543610,2416278,2181610,6276934
25,MA,2012,3261270,1697720,1154150,350470,1846000,5907230,1759340,4830,37660,767591,1158940,9955965,1126350,6195664,1248680,16644514,966080,9724037,2617540,193557307,433250,531279,76580,30518,603400,3340299,2458900,6830905
26,MI,2012,4629970,2199380,1773950,589140,2627420,8899820,2838650,42170,21200,424061,1149250,6245902,1232880,4385257,1337720,11241670,1066820,7972718,3371460,175566854,671460,866202,105370,34951,716590,2956653,3591370,9166426
27,MN,2012,2618760,1274560,1052570,259410,1440160,5036680,1576690,71770,19890,353383,899240,6980824,910090,3124567,985190,10488292,788830,6824190,2083890,121265896,417230,563027,56500,20752,519870,2744286,1952420,4709894
28,MS,2012,1249240,490170,414830,321790,754120,2607600,1011580,39050,5500,95767,216810,1052312,237370,452286,299770,1759435,209780,1483508,862650,35242938,221470,242746,13400,4495,181510,828234,1020160,3121770
29,MO,2012,2726230,1236470,1080640,361150,1497050,5324480,1698320,96670,13340,264135,673220,4135986,704580,1948119,780710,6619167,612220,4577222,2036620,101344904,439670,552245,42120,21321,449130,2034805,2119070,5526165
30,MT,2012,484750,232770,198700,45210,276680,905460,254400,19550,2450,43480,131570,736560,128380,327372,143010,1116593,106280,871532,362240,17241037,70790,93691,9370,3855,95780,475765,348890,809194
31,NE,2012,871320,401420,362200,95580,502810,1731640,569720,45490,5310,101766,223550,1476722,229170,873893,256970,2525776,192970,1285401,682730,36103091,155280,212747,16300,7359,161390,1130928,662670,1650015
32,NV,2012,1289070,610710,438640,219420,706860,2601910,927540,3610,4170,90250,27650,396739,286470,778770,341150,1786042,265590,2819804,982180,54211264,222200,257573,13350,9090,213540,1145194,1009120,2937838
33,NH,2012,679730,335720,271890,59220,306790,1235420,341250,2200,6120,110101,95920,460670,216640,1449295,227050,2029046,187980,1726108,544020,32321867,97030,124791,16730,7184,113840,544622,528560,1365466
34,NJ,2012,4306600,2024720,1568530,633840,2798920,8349970,2813400,9320,41660,1007627,1479690,14118115,1600870,13974651,1819790,28792807,1305880,13226470,3366280,239197833,613200,717234,78630,34887,753360,3997483,3285030,10161893
35,NM,2012,905070,412970,321140,161470,450010,1824250,640100,14180,3490,62890,180090,836283,194520,460130,221030,1373990,175080,1571287,648620,29367510,154040,181911,13840,13120,145290,630631,704280,1885238
36,NY,2012,9362160,4690230,2959580,1534980,6166610,17410910,5651240,29190,84730,2261677,2867130,41512846,2448430,19261769,3316950,62156767,2052510,19667631,6974790,502377138,1224120,1409158,133730,60597,1598090,7979950,7168820,22110159
37,NC,2012,4285200,1776850,1645320,772510,2295420,8796320,3103880,46620,20590,417356,1222020,8633125,1248620,3286183,1407200,12523287,1116060,9146774,3134350,150658401,722450,823963,68850,30494,742650,3105252,3332290,8903321
38,ND,2012,353120,177700,141020,29910,210240,652300,186630,27790,2840,67068,51670,262945,57040,194822,69890,484789,48660,362157,292070,19010727,56380,79384,5880,3061,80620,897599,254620,623963
39,OH,2012,5506020,2512780,1909410,715800,2788300,10323930,3313020,71650,29160,572910,1444300,9761058,1435560,5297961,1607020,15456365,1276690,8640833,4211640,202866333,852320,1088554,101810,38858,848210,3747223,4394820,11124637
40,OK,2012,1613320,672380,668650,240510,909320,3333290,1143140,75840,5170,99039,331490,2023717,350060,798826,410860,2999611,298840,2117175,1211380,63526253,298180,369699,20220,9338,282300,1476131,1250520,3499056
41,OR,2012,1768380,824500,718090,195250,831740,3474380,1074690,33360,12530,239140,610260,4615056,591890,2092502,659310,6811614,514450,4826597,1336230,65761736,261380,325547,21900,11105,350270,1447454,1292020,3077668
42,PA,2012,6130320,2998520,2317710,708520,3246960,11402960,3442040,43640,39110,786661,1625640,10243070,1680610,7863098,1857130,18641934,1449670,11533204,4680800,262484145,886260,1119134,132510,60204,887690,4348283,4850850,12721854
44,RI,2012,512880,264560,172880,66160,308630,920910,274960,730,3850,70881,165050,1045601,164060,828893,178230,2012482,143050,1225401,397620,21072442,72650,85745,10830,3635,77520,324045,408310,1079061
45,SC,2012,2076350,862030,761790,392920,1186450,4173610,1456660,21320,7360,149045,515300,3198336,537320,1036312,601170,4619272,478510,3921737,1505270,67130352,340040,387271,31950,12645,366830,1449494,1615120,4240767
46,SD,2012,413090,194950,170870,41750,230100,785280,237790,31700,2270,44715,6760,61212,66700,231831,75920,398006,55780,435038,322130,17139202,66600,92208,6950,3634,80960,675400,309210,801633
47,TN,2012,2880930,1231940,1109960,481630,1513170,5808990,1989730,68640,15860,348826,52090,412490,573720,1454932,640750,3112900,510460,4388107,2093800,103268731,467840,546656,42150,16952,426390,1998661,2328420,6493790
48,TX,2012,11564740,5018970,4333290,2061340,5964860,24407830,9200760,237170,57100,1336070,138530,1412189,2370930,12744297,2739550,19100392,2093730,17569400,8528520,536609813,2102520,2501540,151710,65829,1859460,11068362,9195520,29302496
49,UT,2012,1173810,473700,550740,130270,600110,2758310,1119990,13590,3340,72326,385850,2091521,395320,858924,437530,3087371,353640,3219896,890300,44690605,264760,401232,20750,8001,203060,1027568,920660,2477726
50,VT,2012,321090,165550,122870,27680,157230,569130,148160,4410,2840,43593,83510,499750,86520,448552,92300,971854,72750,565437,247450,11890169,44220,55806,7650,4555,54290,221191,242430,556071
51,VA,2012,3808940,1731550,1487870,496580,1757410,7486820,2422060,39460,28750,714131,1349360,9291804,1294460,4651212,1475990,14740067,1179720,13302849,3016850,187485380,593910,722234,74750,29438,700940,3202907,2940600,8195714
53,WA,2012,3243550,1510660,1324970,368990,1410720,6473850,2076920,25110,21430,423221,72870,647737,987440,4051611,1062450,6860160,887550,9978235,2578300,161496636,522410,656941,47290,23100,592250,3127594,2457750,6627788
54,WV,2012,782140,339340,338670,91080,387770,1534410,458340,14190,3010,70557,132410,913602,125000,187442,142540,1166538,110920,821469,578220,24902171,126020,160143,12210,4277,97610,380874,646160,1684000
55,WI,2012,2777290,1352390,1118680,286240,1493770,5323450,1642340,59590,15120,247176,863180,6031462,885490,3999923,957930,10355534,748520,5171607,2152150,107662104,444430,587064,55600,18240,469790,2089174,2134540,5054081
56,WY,2012,300780,139250,127050,29750,150350,571160,167640,9290,1230,24163,6960,88910,58920,136150,66060,335437,51840,497249,237330,17228434,49040,69429,5020,1803,47970,321138,235960,735617
0,US,2013,145824340,67708180,53525240,21786080,80457760,287311260,97044140,1878750,939920,21686524,32465590,302248143,37855560,173828446,44138080,505851632,32985020,292253224,109532330,6318266716,22389000,27050381,3109170,1555751,26408250,136599433,111449010,334672669
1,AL,2013,2048400,816130,770530,422330,1212800,4214440,1510500,46330,6790,140440,439590,2134434,446380,603613,546150,3040635,408500,3055891,1469200,68235339,337120,392472,47910,18455,328960,1517222,1633210,4907817
2,AK,2013,359060,184050,128510,37600,152660,669850,210830,1380,2530,54168,20600,24840,74220,307617,79820,373183,69310,674570,298650,17071362,59990,80554,7520,2900,73090,363482,265340,758971
4,AZ,2013,2812790,1244620,1053820,479860,1436950,5851020,2108760,8200,12550,275011,591860,3105947,719190,1783120,815040,5582953,642610,5897171,2086280,105058923,475380,572492,51000,39864,575760,2460205,2071310,5886004
5,AR,2013,1220160,490050,495570,211260,734370,2524780,874080,41350,2460,50071,236480,1881077,234230,419596,281900,2475103,205500,1375932,873150,40335019,209100,245163,18360,7280,207730,917149,956570,2727302
6,CA,2013,17170050,8139700,6200640,2595540,10916770,35816450,13261930,62370,160490,4007733,4707560,67450437,4732120,24695697,5881240,96215447,4253350,53941669,12834870,816466711,2707490,3107709,209460,281297,3714850,20799921,12408880,39030885
8,CO,2013,2502640,1195250,979700,282960,1219840,4908270,1571140,29180,18500,360466,731170,4636832,755080,1929302,841070,6996117,696400,6751901,1976280,118773594,398280,503318,50130,22253,544070,2800877,1817580,5000329
9,CT,2013,1749500,856690,631650,226350,954860,3238660,996170,3210,24630,606194,654710,8235585,665920,4857542,729030,13581440,550700,4949341,1393690,116536233,233890,277433,51410,22476,332670,2135194,1308740,4850043
10,DE,2013,439430,206510,156880,65970,206830,837270,268710,2030,2270,50173,134970,870901,129040,326676,143170,1215476,119260,1090711,345070,18102848,66470,78193,12250,6230,79110,333359,341490,916761
11,DC,2013,331030,212330,54260,55680,153510,522250,146310,190,5810,197177,122600,1669789,85260,352619,130350,2050854,78600,976351,269240,20497422,27640,26581,4650,3069,69420,399173,245300,821807
12,FL,2013,9314920,4416250,3089370,1603090,5035010,17401840,5477530,36600,33410,696022,166140,2958941,1775550,8151961,2120870,14211084,1522490,14278239,6670010,379445333,1195240,1321549,173190,84077,1609380,9213463,7114210,23064595
13,GA,2013,4357130,1838220,1513530,908920,2360870,9058770,3427810,47600,19060,442902,1268420,7821227,1208500,3306342,1447800,11991821,1100050,8757669,3076650,157395955,686990,776412,90220,31960,779910,3607063,3398040,10452281
15,HI,2013,675080,336040,249550,74380,355730,1282390,391370,5670,5200,108405,169050,1369998,153580,306127,199510,1740023,143120,1860065,526810,25327366,103530,129226,19920,85220,127340,505350,501030,1351451
16,ID,2013,691530,286940,321340,76990,361100,1486740,513790,20100,2650,52746,159680,1094076,178270,410595,197230,1568054,156620,1230453,511160,22739954,128520,175366,14440,4365,135800,635881,513180,1286402
17,IL,2013,6100350,2872960,2187150,944800,3462150,12052960,4217230,67580,41490,1039819,1709200,13030567,1811380,11515546,2016180,25388780,1529140,12062942,4614720,285043339,911150,1110928,154210,49501,999230,5529698,4775460,15026200
18,IN,2013,3047520,1387400,1193270,415670,1588020,6064300,2046350,52090,12040,259468,676190,4028714,653550,1418438,723570,5742678,576110,3778819,2245310,107348690,513840,658895,87580,30339,438890,2083889,2447150,6634902
19,IA,2013,1434150,657290,610860,147970,918210,2806470,868680,80880,10430,203253,375280,2592513,385110,1273287,427160,4081997,308090,1833592,1139960,56320486,246860,337113,40900,22576,276590,1382411,1082090,2768362
20,KS,2013,1325560,593550,555470,155730,738080,2665600,879260,56550,7880,161646,286350,2098017,326710,1078718,362010,3476220,266060,1773043,1014180,54811945,232740,306628,27490,9296,251560,1376294,989880,2715836
21,KY,2013,1883840,814680,765690,268660,1111280,3781910,1251140,77510,6550,136473,439850,3304585,448050,999658,502380,4552395,393520,2512360,1379960,61036573,317840,389157,42880,15108,279380,1161003,1522960,4119372
22,LA,2013,2004060,863210,660690,452550,1115060,4026060,1469650,29530,9740,242709,377300,2079961,335450,696490,461470,3057464,325700,2482852,1455010,76190476,332860,388306,33700,24508,329580,1781435,1588450,5056411
23,ME,2013,635840,309150,254470,61690,302010,1154320,307390,4740,4200,69492,163240,1146771,168660,684943,180610,1923189,142360,1012436,489940,21760199,87970,108788,23010,8394,111700,437740,488890,1154565
24,MD,2013,2941750,1423910,973700,461010,1513740,5592260,1849270,11650,26630,650665,1241560,11341644,1078660,4549439,1329990,16150401,968110,9985339,2301490,140253365,423960,494801,77680,39667,614650,2533233,2187030,6483939
25,MA,2013,3300270,1718120,1163750,357010,1853740,5954570,1760290,4810,38860,838581,1149520,10761968,1111650,6379602,1234010,17598553,948050,8884951,2646110,196744759,421170,511104,96920,43880,640330,3841951,2464580,7920774
26,MI,2013,4656590,2232500,1767420,586950,2611610,8879610,2802120,41830,21250,437467,1104260,6541077,1163740,4324279,1267500,11428354,992440,6836428,3393460,175124229,655660,844824,140190,42317,750640,3069477,3585250,9586829
27,MN,2013,2652920,1300040,1057800,261740,1447580,5068190,1572390,71300,20300,378018,882110,7666620,880010,3032235,956720,11054075,755720,6050227,2110490,121741655,413090,555875,75670,24244,549560,2781024,1951040,4915451
28,MS,2013,1245340,492050,411550,318500,740120,2587770,995920,39700,4610,87780,211490,1071336,225670,435847,288280,1754074,196610,1303717,859740,35252555,214220,237034,20210,7178,189570,834106,1009500,3155682
29,MO,2013,2742750,1251290,1079870,361480,1469470,5329780,1688880,95830,13080,264520,642010,4330834,667790,1903761,742400,6748250,573900,3989315,2046980,101166907,430840,541347,55400,26988,470890,2104479,2114640,5788695
30,MT,2013,487280,234780,198900,45420,273730,909090,255100,19450,2360,43546,128590,795728,124270,326935,138750,1170382,101860,782662,365180,16988659,70460,93740,10740,4143,100360,467797,347530,836803
31,NE,2013,879780,407070,363770,96810,500140,1743060,571600,45040,5210,102548,218550,1581494,220270,867992,248920,2617782,182710,1129503,689700,34915234,154720,211135,21640,9160,167180,1060094,664830,1735519
32,NV,2013,1307550,626570,432610,227080,708210,2620110,933580,3460,4460,98788,28220,433352,269920,753074,325780,1859961,248340,2432656,989830,54785632,221000,255709,18050,12697,226300,1213616,1014540,3198287
33,NH,2013,681680,339010,269700,59700,302080,1229560,335640,2170,6320,118979,94640,485594,208320,1448592,218700,2055532,179590,1529011,546140,32400187,94470,120833,22680,8801,122550,618244,522630,1376281
34,NJ,2013,4326590,2039770,1566550,638620,2800640,8345920,2795070,9220,43100,1087977,1483960,15208778,1573200,14068438,1791370,29880380,1276360,11993804,3378760,242767572,595350,690681,100850,37728,796440,4684454,3272540,10607029
35,NM,2013,905670,414780,319640,161070,440290,1816480,633300,13880,3490,62540,175260,881831,184600,457728,211380,1413935,164290,1383577,649310,29143901,151200,179221,16890,14408,151230,641492,699810,1907465
36,NY,2013,9442110,4748910,2968990,1538540,6185170,17477410,5636380,29150,86580,2388055,2834320,46141847,2406570,19753814,3264530,66866002,2003430,18037355,7025450,502854380,1196610,1367319,182810,81698,1684300,9334009,7177560,25822002
37,NC,2013,4335390,1823810,1652070,766020,2269900,8799380,3054010,45920,20860,433949,1183220,8798548,1201140,3303652,1359380,12672080,1066350,8199622,3166440,153340597,707590,810808,90040,37150,789170,3383746,3338690,9050834
38,ND,2013,361520,182850,142970,30910,212680,668090,191660,27620,2690,64695,50140,315401,53970,176162,67170,517201,45490,330827,300620,19013249,57740,81283,7730,3170,83370,821517,259670,717608
39,OH,2013,5536460,2551430,1905910,720610,2747940,10321890,3285970,71200,29280,589688,1380520,9932581,1359490,5266642,1528290,15501170,1197150,7560692,4240990,202154157,838830,1067747,138200,46053,893390,3751240,4384180,11416016
40,OK,2013,1630460,683170,671530,242930,905460,3356960,1147280,76040,4940,98713,326110,2074251,336850,804774,398520,3038532,284770,1918399,1220640,62636146,296110,368324,25880,10487,295390,1558047,1253610,3756394
41,OR,2013,1792240,841900,722530,197390,823500,3495610,1070140,32840,13020,253187,604380,4967494,580980,2189365,649280,7240841,501280,4358411,1365090,67816664,260540,324263,30720,13668,371890,1599608,1297240,3218855
42,PA,2013,6153180,3020220,2309140,714470,3222510,11407030,3428090,43770,39290,820107,1585490,10488346,1627620,7898756,1804350,18818704,1393170,10360080,4689040,260422827,868290,1087937,178810,69104,939590,4609681,4828300,13383055
44,RI,2013,517820,268270,172160,67700,308500,924380,274410,750,3850,71161,162240,1076635,160730,838032,174480,2047027,139400,1109103,399680,21273496,70710,83000,14150,4244,82310,375205,408870,1134441
45,SC,2013,2105880,886510,767650,391100,1173810,4196640,1446660,21040,7630,156509,507770,3354273,522990,1067190,587430,4805334,461300,3543715,1528920,69222792,334800,384212,43340,16706,396930,1618868,1616240,4306560
46,SD,2013,411900,196310,166810,42820,228250,782560,239660,31630,2150,42525,6790,64170,61690,224548,70900,397505,50920,374908,318990,16646732,66120,91834,8750,3931,83670,606863,304690,790152
47,TN,2013,2907840,1258040,1111230,479120,1485300,5824080,1977780,67460,16220,369074,52980,496570,533800,1408984,600340,3121022,469740,3815207,2112700,103069250,462330,541285,56860,20190,456360,2262802,2326650,6778064
48,TX,2013,11886920,5247910,4381020,2095090,5991550,24835770,9301910,235390,58530,1410314,138310,1433570,2300550,12918118,2680290,19431164,2021380,15998857,8713530,534542584,2084290,2488309,209780,93421,1980790,12349907,9400290,31692082
49,UT,2013,1196400,489430,558520,128550,606850,2783310,1117250,13620,3330,74154,383240,2280725,389030,879464,430470,3285939,344810,2909909,915560,44855331,269660,410839,31970,11719,218450,1085164,928790,2626301
50,VT,2013,321470,165600,123030,27740,155760,567850,146010,4470,2810,46236,81550,539699,83450,460350,89200,1016313,69490,505608,248620,12053732,43370,54413,10260,7045,56920,234975,240370,574958
51,VA,2013,3834510,1749560,1488950,500160,1727650,7498610,2411100,38740,29020,742928,1330050,9620456,1269910,4732974,1449170,15168164,1149470,12017998,3035750,186453118,583680,708424,98470,35930,744430,3466574,2924110,8524122
53,WA,2013,3292800,1542610,1336280,371610,1403930,6528900,2075620,24790,22270,455210,74600,701138,944930,3978485,1020520,6874739,844750,8891760,2630900,163362393,520320,656542,62130,31503,641560,3526447,2460210,7135642
54,WV,2013,784250,341620,337020,92340,379850,1537400,460150,14650,2810,66912,128200,913419,119640,184975,137100,1161257,105010,732187,576600,24855093,123840,157438,16730,5152,102040,407294,643800,1698970
55,WI,2013,2798200,1374590,1115510,286820,1484520,5318810,1621260,58970,15090,253140,838460,6272455,852660,3940679,924150,10498882,713420,4554884,2171990,108492494,436500,575005,79190,22445,492550,2006634,2135410,5233397
56,WY,2013,283780,134530,115710,28770,147170,545830,167010,9270,1200,24190,6810,141097,55210,135673,62150,393164,48220,436505,223490,15419259,48630,68812,6200,1756,50420,310076,216650,770166
0,US,2014,147036250,68811990,53628590,21713820,80326750,287410570,95874970,1859650,957830,22558647,32161740,306717250,37104040,178063049,43483910,514653194,32077130,278678869,111534180,6903310304,22189220,26860385,2659370,1722388,28413630,156038589,110882980,337448001
1,AL,2014,2046400,822280,765870,418380,1196960,4183470,1486080,45800,6540,140594,429440,2092769,430800,598983,529360,2977934,390510,2846999,1477890,71936625,332960,388503,41000,17894,354820,1648754,1607350,4832504
2,AK,2014,361110,185860,129040,37100,152290,667990,209280,1430,2550,55127,19720,24063,71680,303787,77060,367777,66650,639529,309430,18320925,65420,83201,5990,2702,93110,423804,251670,716625
4,AZ,2014,2844970,1273370,1056760,478420,1430520,5852220,2076770,8340,12830,288533,588890,3116503,705160,1815785,801030,5624592,624980,5579558,2131300,112861427,473620,570340,42430,43986,619250,2701975,2062590,5917960
5,AR,2014,1223070,494530,491930,212350,725820,2514080,864810,41050,2570,50644,234620,1838270,229680,426243,276480,2435203,198960,1306926,883600,43668159,208010,245308,15240,6941,223130,1050371,946640,2727021
6,CA,2014,17410120,8344440,6240790,2584240,11001080,35881030,13071900,61090,164670,4199632,4789700,70803771,4712600,26195230,5895930,101097080,4206990,52160428,13170260,912874120,2683760,3084586,197970,405865,3958780,24987904,12440420,39616154
8,CO,2014,2553140,1232250,989610,283720,1227670,4952330,1558000,28460,19190,382978,732680,4818041,742020,1904082,830260,7138671,683120,6537545,2047060,133019904,399890,506901,42990,29332,595080,3352483,1820500,5065593
9,CT,2014,1749380,861380,627960,224630,948490,3214470,973950,3180,24730,619518,648430,8230982,653780,4873557,718040,13599476,536230,4698295,1402390,124880059,224070,264510,45350,27259,355480,2316211,1289770,4762888
10,DE,2014,443820,209480,157620,66230,204870,839260,265420,2020,2360,52978,133140,894524,126200,326248,140580,1237091,115710,1028273,349440,19363955,65780,77683,10000,6100,85190,366537,340000,925138
11,DC,2014,336950,216380,55770,55470,154720,529860,146050,160,5840,197022,125330,1653868,85000,360595,132060,2040476,77950,962668,276540,22763066,27770,26633,4190,3342,73770,443757,247070,794374
12,FL,2014,9398170,4468110,3113940,1604340,5069740,17488390,5442160,35910,34600,754065,151130,2940027,1731730,8438808,2083200,14548068,1465320,13340846,6821630,423928867,1200300,1325909,152750,91382,1758700,10750484,7070630,23445379
13,GA,2014,4377430,1862720,1515350,900950,2352200,9016190,3364640,47690,19800,476563,1259400,8152272,1178270,3422107,1424340,12381779,1066200,8224160,3122240,172297880,683520,775583,77210,31491,842280,4083392,3360530,10329573
15,HI,2014,681790,340020,252000,73760,356400,1289300,388880,5590,5290,112828,169130,1406836,151360,322345,198400,1788945,140280,1794923,536730,27296105,103640,130030,15530,54536,136250,560043,498640,1354236
16,ID,2014,701960,294330,324080,77190,362400,1497260,512000,19970,2770,55634,160500,1130123,176420,432383,195510,1621937,154040,1174144,527020,24729355,129990,178707,12400,5135,149610,705030,511120,1288207
17,IL,2014,6130850,2905710,2185870,939000,3447980,11995240,4134650,66350,42020,1074568,1684660,13165130,1774350,11515413,1982660,25531696,1488560,11473380,4678780,308048217,890990,1087412,136470,50170,1077720,6058834,4740140,15113377
18,IN,2014,3078600,1414940,1191930,417070,1579330,6061210,2015700,51430,12260,265221,670490,4164083,639390,1431914,710100,5887026,557920,3582657,2287180,114285248,513250,660384,75320,29642,470400,2264717,2446890,6645156
19,IA,2014,1445500,666910,609710,149430,914950,2811890,864270,79770,10070,187173,371370,2529541,379740,1311575,421800,4062984,302360,1780015,1159410,60154565,246350,335868,34450,22926,294360,1418367,1077180,2803802
20,KS,2014,1336350,602980,555450,155820,732850,2668070,872440,55830,8000,166666,262740,1758054,309190,1059120,342880,3122003,250690,1659718,1033680,59318480,232250,306593,21470,8325,269230,1600416,986280,2756926
21,KY,2014,1891680,824600,760750,269530,1101110,3767690,1235220,76370,6600,139238,432810,3358574,436830,1007736,491160,4610635,381040,2382968,1395600,65722880,316910,388598,36460,14923,298770,1282755,1512970,4125096
22,LA,2014,2007690,869160,659300,451390,1098590,4012830,1453690,29570,9870,241468,379910,2080088,328500,701294,455760,3049160,315230,2369258,1467900,81947935,328020,382113,30550,34457,350570,1845959,1573410,5099881
23,ME,2014,638230,312150,252520,62500,301000,1151230,303270,4760,4230,71986,159400,1127040,163940,693534,175730,1912867,137010,950936,496700,23129240,87170,107197,18760,7832,122460,504421,483030,1145932
24,MD,2014,2935420,1418220,972010,459220,1489630,5554050,1819790,11500,26840,668869,1240100,11646137,1066230,4554982,1322070,16450307,951250,9491445,2315550,149141976,412080,480165,63880,38543,622830,2824258,2178780,6654470
25,MA,2014,3343170,1753030,1165300,361970,1859530,5981220,1744180,4770,39580,862389,1149200,11067307,1102290,6581448,1227780,18122496,934740,8611349,2697370,217607889,409860,492600,88660,59868,679790,4422706,2469630,8166695
26,MI,2014,4685120,2266430,1763490,583550,2608020,8860970,2761680,40960,21660,455443,1087610,6423206,1136410,4411472,1239710,11399785,958540,6401533,3446310,187963136,646490,831902,126390,41742,808160,3462926,3561660,9637768
27,MN,2014,2687660,1325980,1061440,264770,1470650,5097320,1567300,70300,20790,391352,871090,8082897,861140,2994812,938450,11433260,735560,5777738,2159920,131846181,412500,553594,60840,24264,589600,3006986,1945570,4983715
28,MS,2014,1243270,497280,408290,314220,729550,2568800,981810,40380,4570,87858,211680,1083610,219270,437355,283930,1761522,189190,1224723,862700,36933264,211610,234958,17500,6789,200950,938524,997850,3144121
29,MO,2014,2767190,1278710,1073100,362410,1448470,5317940,1661360,94600,13120,269998,624490,4350293,643510,1889770,719240,6726013,547610,3731659,2079860,108961068,427040,536469,45280,26006,506810,2349627,2099780,5871465
30,MT,2014,491930,238790,199130,45550,272440,912240,253330,19320,2380,45376,128440,834644,122880,336140,137290,1217731,99980,757900,374470,18927110,70880,94604,9790,4361,108940,575001,345040,841288
31,NE,2014,889030,413410,364150,98400,498700,1752840,571490,44530,5060,97353,218360,1611717,217340,877207,246390,2653413,178730,1084197,705770,38693638,155790,212519,16940,8633,179080,1147434,663100,1782483
32,NV,2014,1321660,637330,435530,227960,712400,2634610,930150,3410,4630,103302,25720,498572,263170,760981,319870,1879241,240850,2288301,1009520,56275368,222090,257418,15280,18509,241120,1371796,1014520,3247650
33,NH,2014,684980,342440,269140,59740,298780,1225930,328280,2090,6590,126622,92000,488617,202770,1456801,212730,2055165,173790,1441935,554510,35331305,92150,116903,19080,9992,131900,723023,517340,1389039
34,NJ,2014,4342400,2060790,1567250,631700,2793450,8319400,2752830,9220,43700,1138080,1489850,15566064,1558920,14446242,1780470,30594643,1252630,11459440,3405440,259085292,572220,663884,86750,38444,845150,5211110,3247610,10624767
35,NM,2014,911750,421960,318010,161480,435980,1812470,625130,13940,3380,63486,173580,891344,178620,460568,206160,1418339,157470,1285842,658550,31230324,151000,179775,14510,14099,163390,714402,692740,1911837
36,NY,2014,9523340,4832900,2974410,1523840,6198350,17502220,5574000,28860,87990,2480447,2839630,47297744,2375770,20157574,3251160,68398631,1961410,17290192,7139310,556626429,1162160,1332819,157420,94270,1797570,10473888,7165780,26395377
37,NC,2014,4380570,1862720,1658750,764480,2247210,8791330,2999260,45030,21700,464693,1104780,7716490,1126620,3265083,1269710,11516339,990960,7590034,3221760,167329270,701510,807059,73290,37654,855510,3901347,3327920,9113269
38,ND,2014,370550,188130,145010,32270,215090,683520,195670,27230,2650,59730,46660,254128,51730,164704,65150,446948,43660,332509,311730,20998457,58650,82484,6140,2756,87880,824099,263950,775907
39,OH,2014,5559640,2588180,1895430,721100,2728210,10283970,3236110,70280,29310,607939,1324680,9134885,1303010,5317718,1469550,14732938,1137400,6998899,4293330,218123277,829340,1054510,112460,43677,964560,4223215,4344570,11393608
40,OK,2014,1639760,692490,669860,243680,898170,3357080,1141300,75820,5150,104032,324260,2113267,327930,818728,391050,3080066,275130,1833845,1241650,67584210,296390,371262,20970,10052,317510,1804110,1243960,3789370
41,OR,2014,1825020,869240,724770,198830,826420,3522780,1065190,32560,13280,260682,610240,5261623,580330,2305076,649590,7667246,496750,4201923,1406780,74011904,263260,328742,24480,14249,404710,1853397,1300010,3220368
42,PA,2014,6168840,3039790,2301540,713690,3206260,11374170,3383130,43680,39670,848050,1558080,10581727,1592690,8002531,1770240,19016657,1354200,9862701,4727330,280177628,849160,1066004,146210,62614,1017200,5320437,4778820,13380828
44,RI,2014,521890,273210,171130,66920,306620,921920,269380,740,3920,74161,160000,1116543,157380,832821,171330,2079673,135910,1047399,405600,23075512,69490,81441,11790,3727,88590,427115,407560,1145552
45,SC,2014,2123820,906360,766030,390050,1154330,4188140,1424850,20520,7730,162755,497390,3296075,508310,1047850,572120,4722988,444450,3322848,1553460,73962546,333960,384036,36190,16094,427210,1758444,1608160,4304995
46,SD,2014,410850,195250,167490,41890,228080,782170,238300,31500,2250,44290,6210,59575,60270,230625,70040,400474,49120,360936,324080,18273174,66680,93012,7090,3537,90170,693923,297400,769434
47,TN,2014,2928220,1278840,1110260,477550,1469760,5815780,1950950,66330,16810,392787,49720,463249,509230,1388975,574640,3043515,443520,3561881,2148540,112227654,461380,542468,46170,19087,492640,2553501,2314460,6753166
48,TX,2014,11991140,5336100,4417190,2070750,5977730,24899460,9224930,234920,60070,1491046,123750,1359243,2270790,13652425,2674590,20305915,1975040,15402880,8930610,593506575,2086200,2511045,186070,107517,2150420,14315862,9349010,31940693
49,UT,2014,1221050,507050,564840,128310,610180,2804120,1109670,13460,3610,81376,388190,2340554,388490,899404,430400,3358075,342560,2842162,947260,49322039,272530,417880,25350,15895,238860,1245253,934040,2620339
50,VT,2014,322850,167670,122120,27700,155430,566270,143560,4390,2930,48800,81450,550173,82760,478935,88480,1047760,68100,483246,252420,13102926,42800,53493,9280,10051,61940,272402,237350,577618
51,VA,2014,3871420,1778170,1496000,499680,1712140,7526470,2396500,38470,29290,759037,1326360,9733285,1254290,4923417,1436060,15471323,1127190,11577984,3076240,200453197,574780,699155,80550,33163,797210,4038802,2911800,8494811
53,WA,2014,3342610,1577420,1347600,373580,1410960,6585840,2072180,24270,23130,483964,70660,684478,929970,4128410,1003740,7103551,826220,8538262,2701430,182142032,522390,661752,52330,36040,702640,4019639,2451830,7405852
54,WV,2014,782830,343040,332600,93090,368960,1526690,453970,14740,2810,66869,125440,924913,115810,186638,133350,1182783,100540,685638,575630,26194775,121240,153674,12650,4264,108900,463475,635890,1695658
55,WI,2014,2811160,1388250,1114450,286200,1491110,5304410,1594390,57730,15260,261267,802310,5901533,815960,3775343,885750,9983627,678560,4278781,2206190,117015342,431340,569302,64390,20556,547560,2311527,2101800,5209901
56,WY,2014,279900,131210,116020,27720,145170,542430,165120,9330,1180,24158,6320,98798,53510,138275,60530,347370,46320,417461,226080,16639794,48580,69397,5110,1695,55870,424146,208220,740135
0,US,2015,148965910,70209250,53923170,21890640,80046180,289089330,95564540,1853030,964550,23577656,32916970,331976049,37490200,187039645,44248160,550111296,32227610,277429927,113794920,7236170482,22262740,26867439,2594560,2128417,28883270,159391261,112176640,350257176
1,AL,2015,2053620,834300,763210,415730,1172420,4166050,1467040,45200,6500,148557,430440,2224129,428350,617767,529710,3132011,385620,2772904,1492170,75074369,331830,386740,39130,19239,361940,1717754,1607070,4845454
2,AK,2015,362220,185630,129670,37830,149470,671560,210430,1390,2490,54896,20350,23092,71820,318045,77510,381279,66260,636766,311070,18998134,65520,83666,5000,2885,93730,408934,251260,730541
4,AZ,2015,2904290,1311290,1068980,486620,1422490,5914410,2074020,8370,13170,304903,622930,3458774,722960,1945851,824500,6105005,637780,5609737,2190120,120380422,477890,575203,42620,49166,631900,2873968,2104250,6134837
5,AR,2015,1229010,499830,490640,214000,714030,2514050,862570,40900,2450,51507,231160,1882156,225820,437174,273610,2491739,193450,1265379,890130,44444811,207680,244892,14800,7037,222220,999114,952580,2798076
6,CA,2015,17758580,8602210,6299190,2607670,11092060,36182150,13004680,60390,168600,4474007,5001970,79898566,4817170,28311735,6105020,112546029,4278980,52560272,13628350,984502146,2701260,3109878,237570,635621,4072330,25539582,12654140,42209843
8,CO,2015,2617140,1278730,1002500,287400,1225700,5024230,1560450,28570,19530,397697,758420,5241171,757110,1991987,850480,7668598,693990,6628523,2108170,139763445,400810,507467,45260,48016,606910,3490131,1866210,5366465
9,CT,2015,1760990,873250,625550,226750,947170,3215560,966440,3210,25220,656792,661920,8751878,658710,5029196,726530,14287322,536960,4612103,1415370,127316817,220440,257813,42130,30201,354600,2378723,1299870,4911155
10,DE,2015,452740,215780,158790,67640,206040,848310,265580,1980,2330,54753,136000,960301,127990,339428,143160,1316318,116570,1010548,357410,20405321,65860,77177,9510,6609,87790,373918,345230,956229
11,DC,2015,344710,222010,57360,55230,153960,539390,146390,170,6060,208031,130440,1831495,86980,393944,137140,2254975,79090,982588,285310,24696129,28540,27517,4080,3044,75740,463363,252150,847077
12,FL,2015,9626440,4600000,3181240,1627040,5151490,17817510,5486530,35800,33570,802847,166720,3426715,1779900,9097050,2165260,15962366,1499100,13495168,7061840,458723288,1244380,1365598,158470,111176,1828010,11518422,7219210,24877245
13,GA,2015,4442090,1909860,1527140,903810,2347440,9056110,3340970,47740,20250,503883,1295780,8880349,1194610,3678905,1459010,13360726,1075560,8141864,3197880,181560363,690090,778332,74110,31891,872910,4379174,3393140,10658460
15,HI,2015,688520,345460,252900,74310,354320,1291890,384150,5610,5460,119591,171210,1538897,154950,354772,200030,1956554,141980,1810538,546730,29130735,104060,130480,15040,58105,139000,610557,500320,1372002
16,ID,2015,721850,306100,330270,78650,364470,1528460,519440,20030,2820,59467,168290,1243342,182610,469750,202360,1792950,158640,1189011,546260,26459452,134800,186434,11710,5572,156850,775233,522690,1347066
17,IL,2015,6161720,2943790,2178730,936740,3428220,11952210,4074350,66040,41780,1103747,1618400,11611854,1721880,11616727,1925520,24115443,1436680,11047522,4743210,325131535,884750,1075502,131110,54226,1100760,6285370,4741300,15372430
18,IN,2015,3104390,1438910,1189410,419600,1546880,6050030,1987360,50860,11940,269149,670910,4417207,633420,1462401,706270,6177710,548470,3477042,2323550,119850359,514540,662350,69630,28585,477380,2328944,2464910,6794417
19,IA,2015,1454210,672990,608110,153210,905770,2820150,866400,79580,9480,173519,381960,2727994,386000,1394995,428800,4349341,305720,1773531,1168940,61754663,246040,334818,31300,20716,288020,1311120,1087680,2879481
20,KS,2015,1339070,607100,552530,157010,718650,2660560,866740,55320,7700,167242,265250,1797532,307020,1100032,340940,3211062,247040,1623438,1036580,59704982,230830,304771,19270,8262,262540,1389213,993470,2850860
21,KY,2015,1909770,841130,758770,271830,1086640,3770920,1227600,73810,6600,144818,440060,3630671,439250,1049217,496000,4937011,381010,2346557,1420920,69195580,318710,390143,35330,14724,306000,1338358,1522530,4239964
22,LA,2015,1994000,863420,651160,451160,1061830,3974100,1435240,28910,9050,225812,385740,2098646,328580,719395,458130,3087303,311830,2318819,1451880,78595894,321140,371808,27740,33485,342590,1728212,1569890,5171556
23,ME,2015,645700,317810,253180,63290,300550,1157290,301920,4790,4280,75947,162120,1218613,166120,725737,178410,2039744,137910,938843,505170,24217751,87650,107773,16770,8337,125320,541385,486970,1176441
24,MD,2015,2963510,1442560,973710,459170,1481320,5570810,1810480,11600,27230,705481,1276160,12497313,1079710,4749676,1354300,17513151,959380,9408064,2345490,155947299,407110,471949,61750,44871,632620,2848258,2193430,6853928
25,MA,2015,3396580,1792980,1170380,369210,1867040,6032610,1744040,4770,40200,902473,1176300,12000330,1118190,6972122,1251810,19492308,943560,8625908,2756450,228237549,407200,484029,86610,78971,690560,4546277,2508740,8570262
26,MI,2015,4717320,2299850,1760030,582910,2593650,8853510,2732230,40750,21920,471856,1109140,6909043,1142530,4592973,1251670,12072561,956650,6246474,3506000,196574472,647600,828536,119070,39441,807850,3538535,3588160,9838321
27,MN,2015,2725090,1354120,1065080,268820,1474240,5135480,1570090,69860,20770,403069,881660,8700037,865530,3130769,945840,12206785,736120,5689672,2204550,138827805,412740,551360,57930,25042,595810,3068991,1971530,5162729
28,MS,2015,1244560,502070,406460,312160,715560,2553250,968040,40530,3720,84791,218370,1127672,218640,447588,289450,1823400,188080,1198681,867040,37704459,211170,232978,16350,7198,204800,941384,994560,3152125
29,MO,2015,2787570,1296950,1070110,366720,1437100,5331920,1662600,94470,13270,284354,639990,4709349,649740,1986110,727680,7180508,548040,3653499,2107440,113575997,431630,541663,42300,27101,515280,2494407,2109380,5938488
30,MT,2015,498450,242720,200240,46640,268950,921440,255460,19280,2330,45170,132130,908506,126240,358361,140550,1313648,102550,774750,380930,19407477,72080,96156,9210,4783,109800,554455,349420,864880
31,NE,2015,899280,419670,365800,100370,496220,1767240,575320,44460,4760,93394,222540,1673449,218740,896775,248320,2750886,178740,1081101,716890,38744849,157890,214681,15530,7863,177740,1033314,672940,1836217
32,NV,2015,1350680,655510,440130,233710,713510,2670150,934290,3430,4770,110930,27370,487107,271980,814548,332510,1989191,248140,2319427,1040110,60366640,226010,262178,16110,27297,246550,1499688,1037330,3437976
33,NH,2015,693070,348530,269700,60910,298530,1231180,325500,2120,6800,133894,94260,528778,203900,1500384,214110,2166987,173110,1405959,564750,37138071,90800,114256,17630,14190,134470,721037,522250,1440658
34,NJ,2015,4385490,2097200,1570140,632870,2797300,8339240,2731600,9170,44760,1202314,1524940,16771929,1567740,14879077,1806100,32239657,1255730,11311954,3453900,269875643,563160,649578,83890,42571,858240,5441802,3274840,10936850
35,NM,2015,917220,428060,315620,163110,424440,1807260,617790,13620,3300,63962,175150,923130,177900,472032,206160,1458867,155160,1239688,664120,31355110,150050,177343,13790,18783,162280,686022,697610,1960332
36,NY,2015,9614110,4909430,2981780,1522820,6202130,17542570,5522980,28990,88680,2591416,2921380,51675594,2394240,20904863,3319680,73591408,1966610,17162078,7269080,576917086,1150950,1313387,154290,122054,1814310,10954258,7227320,27048091
37,NC,2015,4456990,1919760,1672670,768630,2215000,8852940,2982450,43080,22360,498175,1165420,8462086,1142940,3405510,1293440,12399183,997820,7525374,3302990,179331501,708950,816722,71260,47633,857190,4090922,3398830,9556616
38,ND,2015,369350,185720,144890,33420,208720,684830,197590,27240,2210,48842,50200,256899,54460,181959,68130,464202,45440,356783,309120,19448346,59210,82844,5230,2211,83280,620491,266360,824928
39,OH,2015,5591870,2619420,1896080,729370,2694120,10291310,3217190,70030,29460,635058,1316690,9462084,1290170,5438903,1457360,15214230,1116340,6757780,4344810,226019608,830750,1053121,105350,42248,967000,4179647,4368090,11621621
40,OK,2015,1641910,693960,667640,246350,875820,3359180,1143630,76440,4680,93713,331450,2225808,328190,860164,393290,3224979,273360,1820521,1237990,66773031,294900,366704,19040,9035,308300,1635620,1252890,3907909
41,OR,2015,1874420,903970,735410,201940,830900,3582210,1069730,32500,14000,286500,636930,5948829,599490,2471521,673970,8503037,511260,4276156,1461650,80900068,268630,335552,24060,16129,420660,2057696,1331400,3393861
42,PA,2015,6200330,3063630,2293770,725440,3168610,11368970,3358520,43810,39630,876181,1570570,11321420,1593740,8228113,1776010,19977131,1346380,9657296,4770240,294119470,840090,1048912,134120,59818,1021650,5410377,4804020,13791379
44,RI,2015,527490,278680,170870,67410,305220,924520,267500,750,4000,77778,162330,1158701,158700,863060,173110,2152433,136490,1032978,414090,23595773,69920,80971,11280,5958,91540,447018,409690,1171162
45,SC,2015,2169570,933190,782240,390830,1151990,4242500,1424230,20660,8330,185898,518650,3646819,524620,1140677,592180,5187725,455260,3390476,1603160,80081328,338400,389769,35040,19428,449230,2026815,1627880,4452541
46,SD,2015,415330,198170,168210,42590,227950,788720,240090,31440,2090,41468,6660,60430,60240,239619,70170,426999,48490,357782,328970,18784557,67380,93801,6560,3106,88650,623371,302310,813156
47,TN,2015,2970000,1310690,1117460,478920,1451010,5848400,1941950,65400,17610,429563,56560,540862,505380,1426982,573930,3210319,437630,3499238,2199050,118405187,466400,549640,42410,18102,508000,2667672,2339810,6946768
48,TX,2015,12150930,5412140,4473160,2094320,5922670,25160970,9284900,237820,59060,1506085,131700,1390430,2326400,14817906,2764840,21620476,2009980,15716583,9067840,597962492,2092450,2497560,180010,119554,2172860,13483059,9476280,33538351
49,UT,2015,1263670,533560,577860,131080,619230,2862140,1120310,13640,3770,87236,405590,2602372,401910,975743,446090,3696322,353260,2920619,989970,52987621,278420,429592,26410,31939,252470,1305230,960720,2738571
50,VT,2015,326070,170400,121960,28140,155200,567690,142220,4380,2870,47941,82610,591396,83100,496123,88910,1102936,67690,474149,255410,13366779,42440,52619,8480,11948,61490,279874,240290,599977
51,VA,2015,3911570,1807380,1501380,503800,1696030,7556420,2388750,38260,29740,799721,1352350,10469188,1265880,5155381,1458060,16457030,1129700,11459557,3116750,208191179,571680,693155,76040,35249,805010,4029737,2940860,8778915
53,WA,2015,3432480,1633570,1371390,381860,1419770,6714820,2093910,24250,23880,517466,76580,761999,950000,4457551,1027320,7604966,839500,8610276,2796240,196172982,529060,672946,49940,43895,724730,4574155,2515280,7615589
54,WV,2015,780830,343180,328650,94640,357480,1517070,450320,14890,2730,65635,125240,980990,115360,193885,132530,1249320,99210,668232,575690,26433389,119860,150703,11710,4511,108350,458226,634420,1727166
55,WI,2015,2840510,1412750,1115260,289000,1486370,5314030,1577630,57290,15210,267056,801690,6215904,809610,3783637,881970,10276776,669340,4136781,2238850,123020513,430860,568052,58050,18914,551470,2374825,2117480,5382036
56,WY,2015,278600,129830,115760,27960,140500,541010,164900,9430,1130,23071,6290,104213,53680,143525,60280,370389,45950,410938,224290,15998005,48130,68320,4530,1677,54540,346623,207650,816174